language,n,d,left (d_Schw),max (d_Schw),min (d_Schw),right (d_Schw),left (d_BQY),right (d_BQY)
Amharic,1,5,5.2,5.58,5.2,5.58,7.0,8.0
Amharic,1,10,8.25,8.25,6.52,6.85,9.0,10.0
Amharic,1,15,10.06,10.3,10.06,10.3,13.0,14.0
Amharic,2,5,5.48,5.62,5.44,5.6,6.0,8.0
Amharic,2,10,6.84,7.17,5.88,6.95,9.0,10.0
Amharic,2,15,7.49,7.9,6.46,7.65,12.0,15.0
Amharic,3,15,8.12,8.12,7.06,8.1,12.0,15.0
Arabic,1,5,5.28,6.69,5.28,6.69,4.0,5.0
Arabic,1,10,7.34,8.18,7.65,8.18,8.0,9.0
Arabic,1,15,9.72,10.49,9.72,10.49,13.0,15.0
Arabic,2,5,5.45,5.91,5.42,5.87,5.0,6.0
Arabic,2,10,7.02,7.52,6.98,7.48,7.0,10.0
Arabic,2,15,7.94,8.41,7.66,8.32,11.0,15.0
Arabic,3,15,8.6,8.6,8.45,8.59,12.0,15.0
Atikamekw,1,5,1.74,4.09,1.74,4.09,3.0,3.0
Atikamekw,1,10,2.75,5.94,2.65,5.94,4.0,5.0
Atikamekw,1,15,4.08,6.86,4.08,6.86,7.0,7.0
Atikamekw,2,5,2.53,2.53,2.29,2.85,3.0,4.0
Atikamekw,2,10,3.17,3.17,2.77,3.39,5.0,6.0
Atikamekw,2,15,4.53,4.53,4.05,4.53,10.0,12.0
Atikamekw,3,15,3.3,4.23,3.3,4.23,13.0,14.0
Bamana (Bambara),1,5,4.72,5.52,4.72,5.52,5.0,7.0
Bamana (Bambara),1,10,6.98,8.73,7.29,8.73,8.0,10.0
Bamana (Bambara),1,15,8.41,10.26,8.41,10.26,11.0,15.0
Bamana (Bambara),2,5,4.85,5.09,4.83,5.03,5.0,6.0
Bamana (Bambara),2,10,6.64,6.64,6.57,6.62,7.0,10.0
Bamana (Bambara),2,15,8.1,8.1,7.77,8.03,14.0,15.0
Bamana (Bambara),3,15,8.03,8.22,8.21,8.27,11.0,15.0
Basque,1,5,5.05,6.28,5.05,6.28,4.0,5.0
Basque,1,10,6.18,7.93,6.18,7.93,8.0,9.0
Basque,1,15,8.44,8.86,8.44,8.86,11.0,13.0
Basque,2,5,5.2,5.24,4.89,5.24,6.0,7.0
Basque,2,10,5.94,6.41,5.8,6.2,9.0,10.0
Basque,2,15,6.36,7.03,6.15,6.98,12.0,15.0
Basque,3,15,5.08,6.57,6.53,6.57,12.0,15.0
Belarus,1,5,4.59,5.67,4.59,5.67,4.0,4.0
Belarus,1,10,7.45,8.55,7.45,8.55,6.0,7.0
Belarus,1,15,8.14,9.85,8.14,9.85,9.0,10.0
Belarus,2,5,4.78,5.17,5.0,5.14,5.0,5.0
Belarus,2,10,5.99,6.47,5.39,5.87,7.0,8.0
Belarus,2,15,7.17,7.79,5.14,6.27,12.0,15.0
Belarus,3,15,7.46,7.6,7.43,7.79,13.0,15.0
Bengali,1,5,5.01,5.48,5.01,5.48,4.0,5.0
Bengali,1,10,8.11,8.31,7.95,8.31,7.0,9.0
Bengali,1,15,9.8,9.8,8.67,8.67,8.0,10.0
Bengali,2,5,4.92,5.18,4.4,5.12,5.0,7.0
Bengali,2,10,6.97,7.38,5.72,6.57,9.0,10.0
Bengali,2,15,7.53,8.11,5.89,6.82,11.0,14.0
Bengali,3,15,7.6,8.25,6.61,7.47,13.0,15.0
Bulgarian,1,5,5.09,5.37,5.09,5.37,4.0,5.0
Bulgarian,1,10,8.54,8.66,8.54,8.66,10.0,10.0
Bulgarian,1,15,10.22,10.51,9.93,9.93,14.0,15.0
Bulgarian,2,5,5.33,5.64,4.44,4.48,6.0,7.0
Bulgarian,2,10,6.74,7.49,4.65,5.3,8.0,12.0
Bulgarian,2,15,7.83,8.42,5.45,5.56,13.0,15.0
Bulgarian,3,15,6.87,7.97,7.04,7.27,12.0,15.0
Chechen,1,5,5.84,6.65,5.84,6.65,5.0,7.0
Chechen,1,10,6.87,7.26,6.87,7.26,8.0,8.0
Chechen,1,15,6.57,8.71,6.57,8.71,9.0,9.0
Chechen,2,5,5.72,5.85,5.58,5.76,5.0,6.0
Chechen,2,10,5.77,5.9,5.63,5.8,7.0,7.0
Chechen,2,15,6.06,6.22,5.7,6.16,8.0,8.0
Chechen,3,15,6.14,6.37,5.67,6.27,6.0,8.0
Chinese,1,5,4.95,5.43,4.95,5.43,4.0,5.0
Chinese,1,10,8.27,8.73,8.27,8.73,7.0,9.0
Chinese,1,15,9.26,10.06,9.26,10.06,10.0,14.0
Chinese,2,5,5.37,5.77,5.25,5.75,5.0,6.0
Chinese,2,10,6.14,7.29,4.94,6.54,7.0,8.0
Chinese,2,15,8.06,9.22,5.85,9.18,8.0,8.0
Chinese,3,15,9.08,9.48,8.94,9.46,9.0,10.0
Coptic,1,5,6.08,6.08,5.36,6.02,4.0,6.0
Coptic,1,10,6.96,6.96,6.68,6.86,7.0,8.0
Coptic,1,15,7.6,7.6,7.38,7.51,9.0,10.0
Coptic,2,5,4.74,4.74,4.7,4.94,5.0,9.0
Coptic,2,10,5.3,5.3,5.17,5.84,13.0,13.0
Coptic,2,15,5.74,5.74,5.5,6.06,15.0,15.0
Coptic,3,15,5.19,5.19,5.19,8.65,15.0,15.0
Czech,1,5,5.15,6.33,5.15,6.33,4.0,5.0
Czech,1,10,8.14,8.48,8.14,8.48,8.0,9.0
Czech,1,15,9.39,9.85,9.39,9.85,11.0,13.0
Czech,2,5,5.21,5.35,5.18,5.19,5.0,6.0
Czech,2,10,7.03,7.27,5.25,5.8,10.0,12.0
Czech,2,15,7.97,8.25,5.31,8.06,14.0,15.0
Czech,3,15,8.16,8.39,4.69,5.7,14.0,15.0
Dholuo,1,5,4.42,5.73,4.42,5.73,4.0,6.0
Dholuo,1,10,5.31,6.05,5.31,6.05,7.0,8.0
Dholuo,1,15,5.41,6.51,5.41,6.51,10.0,12.0
Dholuo,2,5,4.12,4.12,3.96,4.1,6.0,8.0
Dholuo,2,10,4.78,4.78,4.44,4.73,11.0,13.0
Dholuo,2,15,5.0,5.0,4.54,5.03,15.0,15.0
Dholuo,3,15,5.02,5.02,4.82,4.95,12.0,15.0
Dutch,1,5,4.95,4.93,4.54,4.7,4.0,5.0
Dutch,1,10,7.44,7.44,5.1,5.12,8.0,9.0
Dutch,1,15,9.81,9.81,6.53,7.22,11.0,12.0
Dutch,2,5,4.91,5.04,3.9,5.0,6.0,7.0
Dutch,2,10,6.83,7.27,5.18,7.24,10.0,12.0
Dutch,2,15,7.57,8.26,5.65,8.19,14.0,15.0
Dutch,3,15,8.22,8.51,8.02,8.41,15.0,15.0
English,1,5,5.35,6.9,5.35,6.9,4.0,4.0
English,1,10,7.08,8.42,6.93,8.23,6.0,9.0
English,1,15,8.81,10.39,8.81,10.39,10.0,11.0
English,2,5,5.15,5.44,4.93,5.39,5.0,6.0
English,2,10,6.08,6.46,5.13,5.5,8.0,9.0
English,2,15,7.92,8.56,5.95,6.33,13.0,15.0
English,3,15,8.31,9.29,5.97,5.97,13.0,15.0
Esperanto,1,5,5.06,5.82,5.06,5.82,4.0,6.0
Esperanto,1,10,6.34,7.03,6.34,7.03,8.0,9.0
Esperanto,1,15,8.47,8.47,8.17,8.23,8.0,9.0
Esperanto,2,5,4.93,4.93,4.09,4.66,6.0,7.0
Esperanto,2,10,5.93,5.93,4.56,5.56,8.0,8.0
Esperanto,2,15,6.93,6.93,5.06,6.75,11.0,14.0
Esperanto,3,15,7.66,7.66,5.89,7.66,11.0,13.0
Estonian,1,5,5.21,6.27,5.21,6.27,5.0,6.0
Estonian,1,10,6.85,7.25,6.85,7.25,7.0,8.0
Estonian,1,15,10.52,10.52,8.61,8.61,12.0,14.0
Estonian,2,5,5.7,5.71,5.47,5.69,5.0,6.0
Estonian,2,10,7.05,7.08,6.42,7.04,7.0,8.0
Estonian,2,15,8.15,8.42,7.37,8.4,12.0,15.0
Estonian,3,15,8.52,8.56,8.54,9.81,11.0,15.0
French,1,5,3.84,5.82,3.84,5.82,4.0,4.0
French,1,10,4.98,6.78,4.98,6.78,5.0,6.0
French,1,15,7.91,9.47,7.91,9.47,7.0,9.0
French,2,5,4.36,4.55,2.97,3.8,5.0,5.0
French,2,10,5.7,5.86,3.17,5.19,7.0,8.0
French,2,15,7.5,7.66,4.96,6.99,12.0,13.0
French,3,15,7.7,7.73,7.1,7.72,10.0,14.0
Finnish,1,5,5.38,6.41,5.38,6.41,4.0,5.0
Finnish,1,10,5.88,8.12,5.88,8.12,6.0,9.0
Finnish,1,15,9.97,10.51,9.97,10.51,10.0,11.0
Finnish,2,5,5.25,5.34,5.3,5.33,6.0,7.0
Finnish,2,10,7.78,7.82,6.61,7.7,8.0,12.0
Finnish,2,15,8.43,8.49,7.26,7.26,13.0,15.0
Finnish,3,15,6.66,8.6,8.48,8.48,12.0,15.0
German,1,5,6.68,6.68,5.64,5.64,5.0,8.0
German,1,10,8.73,8.73,6.16,6.18,8.0,9.0
German,1,15,9.72,9.72,6.6,6.64,10.0,12.0
German,2,5,6.71,6.71,6.15,6.69,6.0,9.0
German,2,10,7.82,7.82,6.77,7.86,10.0,10.0
German,2,15,8.26,8.26,6.83,8.23,11.0,13.0
German,3,15,8.32,8.32,6.81,8.06,11.0,13.0
Hindi,1,5,6.48,6.48,6.42,6.43,4.0,5.0
Hindi,1,10,7.55,7.55,7.13,7.13,6.0,7.0
Hindi,1,15,10.51,10.51,10.05,10.05,11.0,15.0
Hindi,2,5,5.16,5.16,5.02,5.14,6.0,6.0
Hindi,2,10,6.34,6.34,5.53,6.28,8.0,9.0
Hindi,2,15,7.02,7.02,5.82,6.46,14.0,15.0
Hindi,3,15,7.34,7.34,6.53,7.28,13.0,15.0
Hungarian,1,5,6.01,7.41,6.01,7.41,4.0,5.0
Hungarian,1,10,6.28,7.72,6.28,7.72,5.0,8.0
Hungarian,1,15,9.79,10.43,9.79,10.43,10.0,11.0
Hungarian,2,5,5.14,5.14,5.02,5.12,8.0,9.0
Hungarian,2,10,6.31,6.31,5.52,6.28,13.0,13.0
Hungarian,2,15,6.98,6.98,5.82,6.46,14.0,15.0
Hungarian,3,15,7.09,7.09,6.65,7.04,15.0,15.0
Icelandic,1,5,5.35,5.58,5.35,5.58,4.0,4.0
Icelandic,1,10,9.48,10.38,9.48,10.38,6.0,8.0
Icelandic,1,15,9.86,10.5,9.86,10.5,10.0,12.0
Icelandic,2,5,5.01,5.23,5.0,5.22,5.0,6.0
Icelandic,2,10,7.06,7.32,6.45,7.02,9.0,10.0
Icelandic,2,15,7.42,8.15,7.13,7.24,14.0,15.0
Icelandic,3,15,8.4,8.41,7.0,8.36,15.0,15.0
Indonesian,1,5,4.93,5.75,4.93,5.75,4.0,5.0
Indonesian,1,10,7.44,8.52,7.44,8.52,7.0,9.0
Indonesian,1,15,8.43,10.04,8.43,10.04,10.0,12.0
Indonesian,2,5,5.02,5.19,4.86,5.18,5.0,6.0
Indonesian,2,10,6.53,7.26,6.28,7.2,9.0,10.0
Indonesian,2,15,6.6,7.58,5.82,7.45,13.0,15.0
Indonesian,3,15,7.02,8.08,6.35,7.84,13.0,15.0
Italian,1,5,6.57,6.57,6.05,6.05,5.0,7.0
Italian,1,10,8.67,8.67,8.08,8.08,8.0,10.0
Italian,1,15,9.56,9.56,8.64,8.64,11.0,13.0
Italian,2,5,5.09,5.5,5.05,5.46,5.0,7.0
Italian,2,10,6.97,7.06,6.81,6.9,8.0,10.0
Italian,2,15,8.43,8.52,8.27,8.46,14.0,15.0
Italian,3,15,8.52,8.61,8.19,8.57,14.0,15.0
Japanese,1,5,3.66,4.76,3.66,4.76,4.0,4.0
Japanese,1,10,6.74,7.37,6.74,7.37,5.0,6.0
Japanese,1,15,7.52,9.29,7.52,9.29,8.0,10.0
Japanese,2,5,4.63,4.8,3.69,3.7,5.0,6.0
Japanese,2,10,5.91,6.1,4.47,4.57,8.0,10.0
Japanese,2,15,7.48,7.67,6.04,6.14,12.0,14.0
Japanese,3,15,7.56,7.72,7.34,7.67,14.0,15.0
Kabyle,1,5,6.29,7.0,6.29,7.0,4.0,5.0
Kabyle,1,10,7.24,7.65,7.24,7.65,7.0,9.0
Kabyle,1,15,7.92,7.92,7.88,7.88,7.0,9.0
Kabyle,2,5,4.15,4.15,4.05,4.12,6.0,9.0
Kabyle,2,10,5.07,5.07,4.69,5.0,11.0,12.0
Kabyle,2,15,5.3,5.3,4.82,5.29,13.0,15.0
Kabyle,3,15,5.41,5.41,4.93,5.4,14.0,15.0
Kazakh,1,5,3.7,4.78,3.7,4.78,4.0,4.0
Kazakh,1,10,5.08,6.39,5.08,6.39,6.0,6.0
Kazakh,1,15,5.77,8.78,5.77,8.78,7.0,8.0
Kazakh,2,5,3.65,4.16,3.86,4.16,4.0,4.0
Kazakh,2,10,4.4,5.34,4.95,5.33,5.0,6.0
Kazakh,2,15,5.22,6.52,6.08,6.67,8.0,10.0
Kazakh,3,15,5.1,6.67,5.89,6.63,8.0,10.0
Komi-Zyrian,1,5,5.77,7.38,5.77,7.38,6.0,7.0
Komi-Zyrian,1,10,7.65,8.2,7.65,8.2,8.0,9.0
Komi-Zyrian,1,15,8.78,10.19,9.78,10.19,10.0,15.0
Komi-Zyrian,2,5,5.42,6.25,5.94,6.23,6.0,8.0
Komi-Zyrian,2,10,5.9,7.41,6.17,7.32,9.0,11.0
Komi-Zyrian,2,15,6.48,8.45,8.37,9.08,12.0,15.0
Komi-Zyrian,3,15,6.71,8.58,8.55,8.68,14.0,15.0
Korean,1,5,3.52,6.18,3.52,6.18,3.0,4.0
Korean,1,10,4.13,7.03,4.13,7.03,5.0,6.0
Korean,1,15,7.61,7.9,7.61,7.9,8.0,9.0
Korean,2,5,3.32,3.32,3.07,3.28,5.0,6.0
Korean,2,10,4.09,4.09,3.5,4.06,7.0,8.0
Korean,2,15,5.39,5.39,4.32,4.35,14.0,15.0
Korean,3,15,5.49,5.49,5.05,5.3,13.0,15.0
Kyrgyz,1,5,3.78,5.06,3.78,5.06,4.0,6.0
Kyrgyz,1,10,6.92,6.92,6.76,6.85,6.0,8.0
Kyrgyz,1,15,8.85,8.85,8.51,8.53,9.0,10.0
Kyrgyz,2,5,3.8,4.73,3.74,4.66,4.0,6.0
Kyrgyz,2,10,5.17,6.22,5.09,6.07,7.0,8.0
Kyrgyz,2,15,5.92,6.51,5.19,6.27,9.0,11.0
Kyrgyz,3,15,6.56,6.62,6.03,6.61,10.0,11.0
Latin,1,5,5.05,6.03,5.05,6.03,4.0,5.0
Latin,1,10,7.93,9.13,7.93,9.13,6.0,8.0
Latin,1,15,8.48,10.45,8.48,10.5,9.0,13.0
Latin,2,5,5.37,6.45,6.3,6.43,5.0,8.0
Latin,2,10,6.04,7.18,7.13,7.14,9.0,9.0
Latin,2,15,6.7,8.2,8.19,8.5,12.0,15.0
Latin,3,15,7.86,8.42,8.02,8.04,11.0,15.0
Latvian,1,5,5.16,6.64,5.16,6.64,4.0,5.0
Latvian,1,10,7.91,9.77,7.91,9.77,8.0,9.0
Latvian,1,15,8.63,10.15,8.63,10.15,11.0,14.0
Latvian,2,5,5.1,5.26,5.11,5.23,6.0,8.0
Latvian,2,10,6.92,7.05,6.89,6.9,9.0,10.0
Latvian,2,15,7.65,7.65,6.45,7.54,12.0,15.0
Latvian,3,15,7.66,7.66,7.0,7.64,12.0,15.0
Malayalam,1,5,3.64,4.52,3.64,4.52,3.0,4.0
Malayalam,1,10,4.86,6.39,4.86,6.39,5.0,6.0
Malayalam,1,15,5.32,7.87,5.32,7.87,7.0,7.0
Malayalam,2,5,2.44,2.95,2.87,3.8,3.0,4.0
Malayalam,2,10,2.93,3.68,3.55,4.38,5.0,5.0
Malayalam,2,15,3.18,3.97,3.92,5.32,7.0,9.0
Malayalam,3,15,3.19,4.07,4.01,4.53,7.0,9.0
Navajo,1,5,4.35,5.2,4.35,5.2,4.0,5.0
Navajo,1,10,5.3,6.6,5.3,6.6,6.0,7.0
Navajo,1,15,6.24,6.78,6.24,6.78,8.0,11.0
Navajo,2,5,3.56,3.81,3.77,4.04,3.0,5.0
Navajo,2,10,3.95,4.1,4.05,4.18,6.0,6.0
Navajo,2,15,4.01,5.01,4.95,5.31,7.0,10.0
Navajo,3,15,3.87,5.22,5.2,5.38,7.0,10.0
Norwegian,1,5,3.91,4.46,3.91,4.46,4.0,4.0
Norwegian,1,10,6.41,7.33,6.41,7.33,5.0,7.0
Norwegian,1,15,8.23,9.42,8.23,9.42,8.0,10.0
Norwegian,2,5,3.91,4.14,3.44,4.08,4.0,4.0
Norwegian,2,10,5.03,5.4,3.66,5.29,6.0,9.0
Norwegian,2,15,6.85,7.75,6.24,7.13,11.0,13.0
Norwegian,3,15,6.82,7.84,6.95,7.77,11.0,13.0
Ossetian,1,5,5.21,5.21,4.88,4.88,4.0,5.0
Ossetian,1,10,7.07,7.07,6.88,6.88,6.0,8.0
Ossetian,1,15,9.1,10.2,9.1,10.2,9.0,11.0
Ossetian,2,5,5.56,5.67,5.44,5.64,6.0,9.0
Ossetian,2,10,6.71,7.33,6.1,6.13,10.0,11.0
Ossetian,2,15,7.91,8.55,7.3,7.32,12.0,14.0
Ossetian,3,15,8.36,8.67,7.23,7.84,12.0,15.0
Persian,1,5,5.88,6.29,5.88,6.29,5.0,7.0
Persian,1,10,7.49,8.53,7.49,8.53,8.0,9.0
Persian,1,15,8.5,9.95,8.5,9.95,10.0,12.0
Persian,2,5,4.93,5.18,4.92,5.17,5.0,6.0
Persian,2,10,6.42,7.17,6.28,7.14,8.0,10.0
Persian,2,15,7.48,8.51,7.12,8.15,11.0,15.0
Persian,3,15,8.61,8.66,8.54,8.64,12.0,15.0
Polish,1,5,4.81,5.94,4.81,5.94,4.0,5.0
Polish,1,10,7.07,8.24,7.07,8.24,7.0,9.0
Polish,1,15,7.23,9.92,7.23,9.92,10.0,12.0
Polish,2,5,5.37,5.52,4.95,5.5,6.0,7.0
Polish,2,10,6.3,7.51,5.88,7.35,10.0,11.0
Polish,2,15,6.87,8.57,6.6,8.38,14.0,15.0
Polish,3,15,8.22,8.74,8.68,8.99,14.0,15.0
Portuguese,1,5,5.1,6.25,5.1,6.25,5.0,6.0
Portuguese,1,10,6.85,8.45,6.85,8.45,7.0,10.0
Portuguese,1,15,7.18,10.02,7.18,10.02,11.0,13.0
Portuguese,2,5,6.14,6.14,6.03,6.17,6.0,8.0
Portuguese,2,10,7.01,7.01,6.55,7.0,10.0,12.0
Portuguese,2,15,8.24,8.24,7.78,9.49,13.0,15.0
Portuguese,3,15,8.35,8.35,8.33,9.14,12.0,15.0
Punjabi,1,5,4.06,5.67,4.06,5.67,4.0,6.0
Punjabi,1,10,6.26,8.69,6.26,8.69,6.0,8.0
Punjabi,1,15,7.37,9.68,7.37,9.68,9.0,13.0
Punjabi,2,5,4.84,5.97,5.7,5.97,6.0,7.0
Punjabi,2,10,6.09,7.19,6.96,7.18,9.0,10.0
Punjabi,2,15,6.19,8.64,8.15,8.64,11.0,13.0
Punjabi,3,15,7.85,8.91,8.87,8.91,11.0,13.0
Quechua,1,5,2.16,3.88,2.16,3.88,3.0,4.0
Quechua,1,10,2.43,5.66,2.43,5.66,5.0,8.0
Quechua,1,15,3.06,7.31,3.06,7.31,9.0,10.0
Quechua,2,5,4.1,4.1,4.0,4.1,4.0,8.0
Quechua,2,10,4.81,4.81,3.79,4.74,9.0,12.0
Quechua,2,15,5.13,5.13,4.09,5.04,14.0,15.0
Quechua,3,15,5.3,5.3,4.67,4.88,14.0,15.0
Romanian,1,5,5.01,6.14,5.01,6.14,4.0,7.0
Romanian,1,10,7.67,8.29,7.67,8.29,8.0,9.0
Romanian,1,15,9.73,10.15,9.73,10.15,10.0,11.0
Romanian,2,5,4.61,5.02,4.3,5.02,5.0,8.0
Romanian,2,10,6.24,6.51,5.19,5.42,9.0,10.0
Romanian,2,15,7.22,8.39,7.07,8.04,12.0,14.0
Romanian,3,15,7.99,8.62,7.43,8.39,11.0,14.0
Russian,1,5,5.48,7.24,5.48,7.24,4.0,5.0
Russian,1,10,8.49,9.22,8.49,9.22,8.0,10.0
Russian,1,15,9.64,10.62,9.64,10.62,11.0,12.0
Russian,2,5,5.06,5.13,3.93,5.08,5.0,6.0
Russian,2,10,7.47,7.54,4.82,5.52,9.0,10.0
Russian,2,15,8.33,8.4,7.2,8.16,14.0,15.0
Russian,3,15,7.44,8.59,7.96,8.47,14.0,15.0
Serbian,1,5,5.47,6.7,5.47,6.7,4.0,5.0
Serbian,1,10,8.92,9.81,8.92,9.81,9.0,11.0
Serbian,1,15,9.94,10.24,9.94,10.24,13.0,15.0
Serbian,2,5,5.3,5.51,5.15,5.5,5.0,6.0
Serbian,2,10,7.4,7.48,7.22,7.46,8.0,10.0
Serbian,2,15,8.23,8.32,7.07,8.31,12.0,15.0
Serbian,3,15,8.4,8.47,7.52,8.47,11.0,15.0
Sinhala,1,5,5.18,6.27,5.18,6.27,4.0,5.0
Sinhala,1,10,6.86,8.33,6.86,8.33,7.0,8.0
Sinhala,1,15,7.27,9.48,7.27,9.48,10.0,12.0
Sinhala,2,5,5.26,6.09,5.26,6.09,6.0,7.0
Sinhala,2,10,7.35,7.39,7.35,7.36,10.0,12.0
Sinhala,2,15,8.11,8.45,7.91,7.98,14.0,15.0
Sinhala,3,15,7.55,8.39,8.36,8.52,14.0,15.0
Slovak,1,5,4.94,5.37,4.94,5.37,4.0,5.0
Slovak,1,10,6.4,8.41,6.4,8.41,6.0,8.0
Slovak,1,15,8.39,10.12,8.39,10.12,9.0,12.0
Slovak,2,5,5.64,6.96,5.14,6.93,5.0,7.0
Slovak,2,10,6.22,7.76,5.62,7.63,8.0,9.0
Slovak,2,15,6.26,8.47,7.25,7.7,10.0,15.0
Slovak,3,15,5.46,8.64,8.55,9.21,10.0,15.0
Spanish,1,5,5.72,6.51,5.72,6.51,5.0,6.0
Spanish,1,10,8.47,9.17,8.47,9.17,7.0,9.0
Spanish,1,15,9.18,9.83,9.18,9.83,10.0,13.0
Spanish,2,5,5.43,5.87,5.73,5.85,5.0,7.0
Spanish,2,10,7.01,7.56,6.54,7.26,8.0,9.0
Spanish,2,15,7.91,8.76,5.98,8.49,9.0,15.0
Spanish,3,15,8.29,8.84,7.82,8.74,10.0,15.0
Slovenian,1,5,5.07,5.57,5.07,5.57,4.0,5.0
Slovenian,1,10,7.23,8.38,7.23,8.38,8.0,9.0
Slovenian,1,15,8.12,9.94,8.12,9.94,10.0,14.0
Slovenian,2,5,5.11,5.27,4.89,5.22,508.0,508.0
Slovenian,2,10,7.39,7.53,6.66,7.37,10.0,11.0
Slovenian,2,15,8.14,8.29,6.94,8.29,13.0,15.0
Slovenian,3,15,7.57,8.36,8.31,9.17,12.0,15.0
Swahili,1,5,4.73,6.41,4.73,6.41,4.0,5.0
Swahili,1,10,6.3,7.47,6.3,7.47,7.0,9.0
Swahili,1,15,6.73,7.91,6.73,7.91,10.0,12.0
Swahili,2,5,4.71,4.95,4.69,4.95,6.0,7.0
Swahili,2,10,5.88,6.04,5.86,6.01,8.0,10.0
Swahili,2,15,5.97,6.35,5.95,6.23,11.0,14.0
Swahili,3,15,5.44,5.84,5.78,5.99,10.0,14.0
Swedish,1,5,6.83,6.83,4.86,4.86,6.0,7.0
Swedish,1,10,9.65,9.65,6.44,6.44,8.0,9.0
Swedish,1,15,10.21,10.21,8.13,8.13,10.0,11.0
Swedish,2,5,5.17,5.17,4.17,5.08,5.0,6.0
Swedish,2,10,7.7,8.24,7.15,8.01,10.0,13.0
Swedish,2,15,8.0,8.43,6.92,8.22,13.0,15.0
Swedish,3,15,8.72,8.74,7.77,8.74,13.0,15.0
Tabasaran,1,5,5.23,5.23,5.11,5.2,4.0,5.0
Tabasaran,1,10,7.34,7.34,6.96,7.14,6.0,8.0
Tabasaran,1,15,8.71,8.71,6.41,6.41,9.0,11.0
Tabasaran,2,5,4.88,5.02,4.99,5.03,5.0,6.0
Tabasaran,2,10,6.03,6.12,6.04,6.14,7.0,7.0
Tabasaran,2,15,6.38,6.53,6.5,6.55,8.0,10.0
Tabasaran,3,15,6.61,6.9,6.87,7.33,7.0,10.0
Tagalog,1,5,5.02,6.79,5.02,6.79,4.0,5.0
Tagalog,1,10,7.97,9.27,7.97,9.27,6.0,8.0
Tagalog,1,15,9.61,10.17,9.61,10.17,9.0,12.0
Tagalog,2,5,6.34,6.55,6.37,6.52,5.0,7.0
Tagalog,2,10,6.69,7.01,6.93,7.01,8.0,8.0
Tagalog,2,15,7.17,7.53,7.43,7.75,9.0,9.0
Tagalog,3,15,7.56,8.02,7.98,8.02,8.0,9.0
Tatar,1,5,6.77,6.77,3.56,3.56,4.0,4.0
Tatar,1,10,7.6,7.6,4.78,4.78,5.0,6.0
Tatar,1,15,8.19,8.19,5.76,5.76,8.0,10.0
Tatar,2,5,4.62,4.7,4.29,4.68,5.0,6.0
Tatar,2,10,5.12,5.61,5.05,5.5,7.0,8.0
Tatar,2,15,6.05,6.63,5.64,6.57,9.0,10.0
Tatar,3,15,6.3,6.72,6.41,6.72,9.0,10.0
Thai,1,5,5.32,5.82,5.32,5.82,4.0,5.0
Thai,1,10,7.49,8.53,7.49,8.53,7.0,9.0
Thai,1,15,8.49,9.94,8.49,9.94,10.0,12.0
Thai,2,5,4.93,5.18,4.89,5.17,5.0,7.0
Thai,2,10,6.87,7.23,5.93,7.14,10.0,12.0
Thai,2,15,7.83,8.22,6.23,8.15,14.0,15.0
Thai,3,15,7.1,8.71,8.64,8.86,15.0,15.0
Turkish,1,5,3.4,5.45,3.4,5.45,4.0,5.0
Turkish,1,10,4.07,6.76,4.07,6.76,6.0,6.0
Turkish,1,15,5.16,8.61,5.16,8.61,9.0,10.0
Turkish,2,5,4.4,4.6,3.81,4.54,5.0,5.0
Turkish,2,10,5.63,5.92,3.94,4.54,7.0,8.0
Turkish,2,15,5.95,6.31,3.0,3.09,10.0,11.0
Turkish,3,15,4.84,6.62,2.38,2.38,10.0,11.0
Tuvan,1,5,5.32,6.8,5.32,6.8,5.0,6.0
Tuvan,1,10,6.07,7.71,6.07,7.71,7.0,7.0
Tuvan,1,15,6.58,8.12,6.58,8.12,8.0,10.0
Tuvan,2,5,4.69,4.69,4.29,4.67,5.0,5.0
Tuvan,2,10,5.67,5.67,5.3,5.59,6.0,9.0
Tuvan,2,15,6.62,6.62,6.09,6.47,10.0,12.0
Tuvan,3,15,6.7,6.7,6.44,7.67,10.0,12.0
Udmurt,1,5,5.51,5.78,5.51,5.78,4.0,5.0
Udmurt,1,10,8.14,8.43,8.14,8.43,6.0,7.0
Udmurt,1,15,9.57,10.21,9.57,10.21,8.0,10.0
Udmurt,2,5,5.03,5.56,5.49,5.54,5.0,8.0
Udmurt,2,10,6.9,7.57,5.94,6.35,9.0,9.0
Udmurt,2,15,7.91,8.47,8.4,8.45,10.0,12.0
Udmurt,3,15,8.14,8.58,7.65,8.49,10.0,12.0
Ukrainian,1,5,4.11,5.97,4.11,5.97,4.0,5.0
Ukrainian,1,10,6.09,7.96,6.09,7.96,7.0,8.0
Ukrainian,1,15,7.46,10.21,7.46,10.21,9.0,12.0
Ukrainian,2,5,5.22,5.51,5.13,5.48,5.0,8.0
Ukrainian,2,10,6.75,7.18,6.73,7.14,10.0,11.0
Ukrainian,2,15,7.37,7.87,6.84,7.61,12.0,15.0
Ukrainian,3,15,7.18,7.69,6.34,7.33,12.0,15.0
Uzbek,1,5,4.11,5.79,4.11,5.79,4.0,5.0
Uzbek,1,10,5.82,7.08,5.82,7.08,6.0,7.0
Uzbek,1,15,6.45,7.95,6.45,7.95,9.0,10.0
Uzbek,2,5,4.09,4.56,4.32,4.53,5.0,5.0
Uzbek,2,10,4.74,5.43,4.72,5.39,6.0,6.0
Uzbek,2,15,5.39,6.32,5.48,6.29,7.0,10.0
Uzbek,3,15,5.82,6.56,6.38,6.53,8.0,10.0
Vietnamese,1,5,4.08,6.92,4.08,6.92,4.0,4.0
Vietnamese,1,10,5.22,8.0,5.22,8.0,6.0,7.0
Vietnamese,1,15,6.41,10.04,6.41,10.04,9.0,11.0
Vietnamese,2,5,4.64,4.79,4.12,4.7,5.0,6.0
Vietnamese,2,10,6.16,6.3,4.78,6.19,7.0,10.0
Vietnamese,2,15,8.13,8.27,6.77,8.07,12.0,15.0
Vietnamese,3,15,7.8,8.43,7.33,7.33,13.0,15.0
